text,original_keywords,my_keywords
"Исследователи из компании Valisure обнаружили высокие уровни бензола — промышленного химического вещества и известного канцерогена — в средствах для борьбы с потоотделением и устранения запаха производства популярных брендов. Американская независимая компания Valisure изучила 108 партий антиперспирантов и дезодорантов в виде спреев от 30 брендов и обнаружила более чем в половине из них бензол. Уровни этого химического вещества, который входит в топ-20 по объемам использования в производстве, в некоторых случаях достигали почти 18 частей на миллион.

«54% образцов, протестированных Valisure, показали определяемые уровни бензола, а некоторые партии содержали его в концентрациях, в девять раз превышающих норму FDA (две части на миллион, ppm). <…> Двадцать четыре партии спреев для тела восьми различных марок содержали от 2,24 до 17,7 ppm бензола, 14 партий от восьми марок — в диапазоне 0,20 до 1,89 ppm, 21 партия от восьми брендов — менее 0,1 ppm. Бензол не обнаружили в 49 партиях спреев для тела от 19 различных брендов при первоначальном анализе по крайней мере одного образца», — сообщается в пресс-релизе. Бензол — органическое химическое соединение, которое при комнатной температуре представляет собой бесцветную или светло-желтую жидкость, имеет сладкий запах, легко воспламеняется и быстро испаряется в воздухе, но плохо растворяется в воде. Проблема в том, что это вещество заставляет клетки организма работать некорректно: как следствие костный мозг может не вырабатывать достаточно красных кровяных телец и произойдет анемия. Бензол способен нанести вред иммунной системе, изменяя уровень антител в крови и вызывая потерю лейкоцитов. Помимо этого, он имеет канцерогенные свойства, в долгосрочной перспективе повышая риск развития лейкоза — злокачественного заболевания кроветворной системы.

У женщин, подвергавшихся продолжительному воздействию бензола, нарушался менструальный цикл, а яичники уменьшались в размерах. Также исследования на животных выявили у детенышей, чьи матери во время беременности вдыхали это химическое вещество, низкий вес при рождении, задержку образования костной ткани и повреждения костного мозга. Итак, как показало исследование Valisure, некоторые партии антиперспирантов в виде спреев бренда Old Spice и Secret от компании Procter & Gamble Co. содержат самые высокие уровни бензола (до 17,7 ppm и 16,2 ppm соответственно) — наряду со средствами Tag, Equate от Walmart Inc. и Suave от Unilever PLC (14,1 ppm, 6,15 ppm и 5,21 ppm соответственно). В меньших количествах его выявили в дезодоранте-спрее для тела от Victoria’s Secret & Co. и предназначенном для интимной зоны Summer’s Eve от Prestige Consumer Healthcare Inc. В продукции Sanofi’s Gold Bond и антиперспирантах Dove и Axe бензола не обнаружили (как и в нескольких дезодорантах Old Spice).

По мнению специалистов, больше всего этого химического вещества будет в средствах, содержащих бутан, в отличие от спреев, где в качестве пропеллента (создает давление внутри аэрозольного баллона для вытеснения продукта из упаковки) использовали спирт. Valisure уже направила петицию в Управление по санитарному надзору за качеством пищевых продуктов и медикаментов США и просит снять с продажи партии, в которых было повышенное содержание бензола. «По оценкам Агентства по охране окружающей среды США (EPA), воздействие бензола на протяжении всей жизни на уровне 0,4 части на миллиард, или 0,0004 части на миллион, повысит риск развития рака у людей. <…> Хотя рассчитанная EPA допустимая концентрация в воздухе — 0,4 части на миллиард — не относится напрямую к уровню загрязнения внутри аэрозоля (мы не вдыхаем его содержимое полностью), это позволяет оценить потенциальное воздействие таких продуктов, как спреи для тела, которые регулярно используют в помещениях. К тому же многие из протестированных Valisure спреев содержат легколетучие пропелленты, такие как бутан, пропан и другие: они могут испаряться и быстро рассеивать бензол в воздухе», — объяснили специалисты.

Согласно расчетам, пять граммов средства с наиболее высокими уровнями бензола могут увеличить концентрацию этого вещества в воздухе до 28 частей на миллиард, что в 69 раз больше установленного EPA порога. «Если использовать спрей в ванной объемом 160 футов кубических (4,53 метра кубических. — Прим. ред.) и если у содержимого будет больше времени для распространения по помещению, концентрации бензола в комнате составят шесть частей на миллиард, это примерно в 15 раз больше допустимых показателей повышенного риска рака», — добавили в Valisure. Управление по санитарному надзору за качеством пищевых продуктов и медикаментов США признает опасность бензола и причисляет его к растворителям первого класса, то есть генотоксичным канцерогенам, которые из-за токсичности не следует использовать в производстве лекарств и вспомогательных веществ. Если же этого никак не избежать, а препараты важны, уровни растворителей должны быть ограничены: в крайних случаях допускается содержание до двух частей на миллион бензола. Однако антиперспиранты и дезодоранты нельзя отнести к жизненно важным средствам, подытожили исследователи.","бензол, дезодорант, канцерогены, рак, химикаты","дезодорант, бензол, канцерогены "
"Международная группа нейробиологов обнаружила механизмы, которые указывают на то, что иглоукалывание может быть действенным. Правда, лишь в определенных зонах тела: в других его действие ничем не подтверждается. Работа опубликована в журнале Nature. Иглоукалывание, как известно, — традиционная китайская методика, которая использовалась для лечения различных проблем со здоровьем на протяжении многих тысяч лет. Интересно, что в последние десятилетия акупунктура все чаще применяется и в западной медицине для лечения различного рода воспалительных заболеваний.

Несколько лет назад ученые показали, что электроакупунктура — современная версия иглоукалывания, использующая электрическую стимуляцию определенных точек тела — может ослабить цитокиновый шторм (возникающий не только в связи с пневмонией, но еще сепсисом или терапией онкологических заболеваний). Это происходит за счет активации так называемой оси блуждающего нерва — надпочечника. Тем не менее реальное действие иглоукалывания остается малоизученным. Группа исследователей, в которую вошли ученые из Гарвардской медицинской школы (США), Университета Фудань и Китайской академии наук (Китай), решила пролить свет на эти вопросы и выяснить нейроанатомическую основу действия электроакупунктуры. В прошлом году те же исследователи выдвинули гипотезу о том, что этот подход эффективен для области ног, но не для живота. Команда предположила, что за это ответственны сенсорные нейроны, которые присутствуют в задних конечностях, но которых нет в районе живота.

Чтобы проверить гипотезу, ученые провели серию экспериментов на мышах. И для начала идентифицировали некоторое количество сенсорных нейронов, отмеченных экспрессией рецептора PROKR2Cre. Как выяснилось, в самом деле таких нейронов было в три-четыре раза больше в соединительной оболочке, покрывающей сосуды и нервы — фасции — задних конечностей, чем в фасции живота.

После этого ученые вывели мышей, у которых отсутствовали эти сенсорные нейроны. И обнаружили, что электроакупунктура не активировала ось блуждающего нерва — надпочечников у таких мышей. В другом эксперименте авторы статьи использовали световую стимуляцию, чтобы напрямую воздействовать на сенсорные нейроны в глубокой фасции задних конечностей грызунов. Эта стимуляция, как и ожидалось, активировала ось блуждающего нерва — надпочечников аналогично электроакупунктуре.

В последнем эксперименте ученые изучили распределение нейронов в задних конечностях и выяснили, что в передних мышцах ног значительно больше нейронов, чем в задних: это приводит к более сильной реакции организма на иглоукалывание в передней области. Исследователи отмечают: хотя работа проводилась на мышах, основная организация нейронов, вероятно, схожа у всех млекопитающих, включая человека. Следующий шаг — исследования на людях.","акупунктура, иглоукалывание, надпочечники, нейроны, цитокиновый шторм","иглоукалывание ,надпочечники, нейроны"
"Институт космического ведомства ЦНИИмаш заказал турбореактивные двигатели для испытаний демонстратора многоразовой ракеты. Ранее стали известны сроки создания прототипа крылатой ступени. Проект российской многоразовой ракеты-носителя с крылатой ступенью движется вперед. Очередное свидетельство — заказ двигателей для будущих испытаний. Об этом со ссылкой на сайт госзакупок сообщило РИА Новости.

Как говорится в документе, закупка позволит провести летные тесты демонстраторов, что станет частью проекта «Создание комплекса летно-экспериментальных демонстраторов многоразовых возвращаемых крылатых ракетных блоков». Стоимость соглашения — 67 миллионов рублей.

Ранее стало известно, что прототип многоразовой ступени «Крыло-СВ» создадут в конце 2022 года. Аванпроект крылатой ступени был подготовлен и защищен в ФПИ (Фонд перспективных исследований) в 2019-м. Головным предприятием выступил ЭМЗ имени В. М. Мясищева. После выхода ракеты на заданную высоту крыло должно раскрыться, а реактивный двигатель — активироваться. Это позволит вернуть первую ступень домой и посадить ее в самолетном режиме. Одна из схем предполагает использование лыж. Для создания двигателя ракеты хотят задействовать 3D-принтер.

Концепция появилась не на пустом месте. В ее основе — аппарат «Байкал», который задумывался как многоразовый ускоритель носителя «Ангара». Работы над проектом вел Центр имени Хруничева. По состоянию на 2001 год был готов макет, который в том же году показали на аэрокосмической выставке в Ле-Бурже. В итоге программу свернули, хотя сама «Ангара» получила путевку в жизнь. В обозримом будущем ракета «Ангара-А5» сменит знаменитый «Протон-М».

Напомним, недавно военное ведомство показало внешний вид перспективной ракеты сверхлегкого класса, причем сразу в двух вариантах: одноразовом и многоразовом. В последнем случае носитель планируют возвращать с помощью крыльев.

Как отмечалось, одноразовый вариант сможет вывести на низкую околоземную орбиту (200 километров) до 584 килограммов грузов. Многоразовая версия способна вывести около 400 килограммов. Оба варианта хотят запустить в 2024 году. Специалисты иногда критикуют крылатую ступень, заявляя, что SpaceX при разработке Falcon 9 выбрала более оптимальный подход с точки зрения экономии. Впрочем, в России работают и в этом направлении: проект получил название «Амур-СПГ». Первый запуск ракеты намерены провести в 2026 году.","двигатели, многоразовая ракета, Роскосмос","двигатели, ракета, роскосмос, ступень "
"В составе твердых экзопланет доля железа может быть заметно выше, чем следует из состава их звезд. Это способно влиять на обитаемость экзопланет. Международная группа астрономов во главе с Варданом Абидекяном изучила соотношение тяжелых элементов в составе других звезд и вращающихся вокруг них экзопланет. Оказалось, что между концентрацией железа в атмосфере звезды и ее планеты есть связи, но она не вполне линейная. Возможной причиной этой нелинейности могут быть столкновения планет с крупными небесными телами, лишающие планету части более легких элементов. Соответствующая статья опубликована в Science, с текстом ее препринта можно ознакомиться здесь.

Астрономы уже довольно давно подметили, что у звезд, в чьих спектрах почти нет следов тяжелых элементов, трудно найти планеты. Это не обязательно означает, что их там нет — экзопланеты трудно обнаружить, если они невелики и вращаются далеко от своей звезды — но может указывать на то, что крупных планет около бедных металлами звезд мало (в астрономии металлами называют тяжелые элементы в целом). Однако исследователям до самого недавнего времени не хватало понимания того, какова ситуация у тех звезд, которые имеют нормальное количество металлов. Зависит ли доля тяжелых элементов в составе их планет от такой же доли в составе звезд?

Чтобы выяснить это, авторы статьи в Science, сравнили химический состав 27 звезд и 32 относительно небольших твердых экзопланет, вращающихся вокруг этих звезд. Следует отметить, что если состав звезд по их спектрам определить еще не так сложно, то вот состав экзопланет куда сложнее для изучения. Геологические исследования там пока провести затруднительно, поэтому на сегодня их состав определяют расчетно — сопоставляя радиус и массу планеты между собой и моделируя, какой наиболее вероятный химический состав она может иметь. Особенно сложно сделать это потому, что радиусы и массы экзопланет на сегодня трудно определять с ошибками менее 30% — но авторы работы постарались включить в нее только те случаи, когда известные ошибки минимальны.

В результате у них получилось, что вокруг звезд с более высоким содержанием железа вращаются и планеты с повышенным содержанием железа. Однако, хотя авторы ожидали, что доля железа в составе звезды задаст жесткое ограничение сверху на долю железа в составе планет, на деле вышло иначе: у некоторых планет железа в составе, по всей видимости, больше, чем можно было бы ожидать по составу ее звезды. Авторы крайне осторожны в оценках причин, по которым у некоторых планет такой «избыток железа». Один из них предполагает, что причиной могут быть гигантские столкновения этих планет, уносящие в космос наружные, более легкие слои небесного тела, но не затрагивающие содержащие много железа внутренние слои.

Понимание удельного содержания железа в той или иной планете полезно в оценке ее потенциальной интересности для дальнейших наблюдений — и в том числе потенциальной обитаемости. Если экзопланета не находится к своей звезде слишком близко, наличие в ее составе большого количества железа может говорить о наличии у нее устойчивого магнитного поля. Некоторые астрономы считают, что такое поле снижает потери воды планетами, поднимая их шансы на возникновение сложной жизни.","астрономия, металличность, экзопланеты","экзопланеты, железо, звезда"
"Ученые предложили метод, с помощью которого древесина становится в 23 раза тверже, а нож, сделанный из такого материала, почти в три раза острее, чем столовый нож из нержавеющей стали. Самые острые ножи изготавливают из стали или керамики, их производство требует высоких энергозатрат и часто негативно воздействует на окружающую среду. Авторы нового исследования предложили потенциально более экологичный способ изготовления острых ножей: для их производства предлагается использовать обработанную специальным образом древесину.

Целлюлоза — основной компонент древесины — имеет более высокое отношение прочности к плотности, чем многие другие материалы, но составляет только 40-50% древесины. Чтобы сделать древесину более прочной, ученые из Мэрилендского университета искали способ избавиться от более мягких ее составляющих (гемицеллюлозы и лигнина), не повредив при этом целлюлозный каркас.

Предложенный ими метод обработки состоит из двух основных этапов. На первом этапе из древесины частично удаляют лингин, после чего она становится мягкой, гибкой и немного хрупкой. На втором этапе древесину прессуют при высокой температуре, чтобы избавиться от лишней воды и уплотнить материал. После обработки материала и придания желаемой формы его покрывают минеральным маслом, чтобы продлить срок службы. Целлюлоза имеет свойство впитывать воду, поэтому покрытие из масла позволяет сохранить нож острым во время использования, а также после мытья в раковине или посудомоечной машине. Обработанная таким образом древесина оказалась в 23 раза прочнее обычной. Эксперименты показали, что деревянный нож из нового материала в три раза острее, чем большинство доступных в продаже столовых ножей из стали, и легко разрезает стейк средней прожарки.

Кроме того, исследователи продемонстрировали, что из предложенного ими материала можно изготавливать и деревянные гвозди — такие же острые, как обычные стальные, но не подверженные коррозии. Авторы работы надеются, что в будущем из укрепленной их методом древесины можно будет делать паркетные полы, более устойчивые к царапинам и износу.","древесина, нержавеющая сталь, целлюлоза","древесина, сталь, целлюлоза, нож"
"Российские ученые рассказали об одной из мощнейших магнитных бурь за последние несколько лет, которую зафиксировали сегодня ночью. Ученые из Лаборатории рентгеновской астрономии Солнца при Физическом институте Российской академии наук заявили, что на Земле примерно в час ночи по московскому времени началась сильнейшая магнитная буря. По их словам, это случилось неожиданно. «Индекс геомагнитной активности, который последние дни медленно снижался до спокойных значений (после вспышек конца октября), почти сразу после полуночи скачком увеличился до уровня 7 (при максимальном значении 9), что соответствует магнитной буре третьего уровня по пятибалльной шкале», — сообщили физики. Скорость солнечного ветра, по данным с космических аппаратов, резко возросла более чем до 800 километров в секунду. Рост плотности межпланетной плазмы оценили в сто раз. «Все это не оставляет сомнений, что Земли достиг крупный солнечный выброс, то есть массы солнечного вещества, выброшенные из атмосферы Солнца мощным взрывом (вспышкой)», — констатировали ученые. Сильнейшая вспышка произошла рано утром 2 ноября, она относится к уровню М1.7. В последнее время аналогичные процессы отмечали лишь в мае этого года, в мае 2019-го, августе 2018-го и сентябре 2017-го. По какой причине силу солнечного выброса не удалось верно спрогнозировать сразу, пока не ясно, это намерены выяснить. «Нестабильность магнитного поля Земли будет сохраняться еще не менее двух-трех суток, хотя вероятность повторного достижения текущих максимумов выглядит очень малой», — добавили в ФИАН.

Хотя произошедшую магнитную бурю назвали внезапной, о том, что подобные события в этом году могут быть, российские физики говорили несколько дней назад: 28 октября на нашей звезде зарегистрировали мощный всплеск активности, всего 14 вспышек. Две из них отнесли к классу М, то есть сильному, а одну — к максимальному (X). Почти все вспышки были на одном участке светила, в области номер 2887.

«Оценка воздействия на Землю со стороны происходящих событий показывает в данном случае неизбежность почти максимального удара, какой способна нанести вспышка такой силы. Прежде всего вспышка произошла в области Солнца, находящейся сейчас почти точно напротив нашей планеты. В результате солнечный удар будет нанесен с максимальной силой, а пройдет не по касательной, как это чаще всего бывает. Кроме того, космические коронографы еще вчера зарегистрировали выброшенные с Солнца облака плазмы, движущиеся в сторону Земли. <…> Основной удар по Земле придется, когда сюда доберутся плазменные облака, содержащие основную кинетическую энергию солнечного взрыва», — писали тогда ученые.","Земля, магнитная буря, солнечная вспышка, Солнце","Земля, Солнце, магнитная буря, магнитное поле, вспышка, солнечная активность"
"Специалисты Красногорского завода им. С. А. Зверева (КМЗ) создали новый снайперский прицел сверхвысокой кратности. Он позволит эффективно поражать цели на дальности до полутора тысяч метров. Новинка получила индекс ПО 5-20х56, выпускать ее будут под торговой маркой «Зенит». О разработке нового снайперского прицела со ссылкой на генерального директора КМЗ Александра Новикова сообщил ТАСС. Прицел имеет большой диапазон ввода поправок по вертикали. Изделие позиционируют как крайне универсальное и позволяющее работать на дистанциях до полутора тысяч метров.

Кратность прицела переменная — от пяти до 20. Стрелок может использовать самые разные калибры: конструктивные особенности новинки позволяют выдерживать отдачу даже самых крупных из них.

Производить прицел будут под торговой маркой «Зенит». По словам Александра Новикова, изделия этой марки показали равные возможности с лучшими зарубежными образцами во время «Армейских международных игр — 2021. «С этим прицелом взяли первое место на чемпионате Вооруженных сил по тактической стрельбе в номинации “Снайпинг”», — отметил гендиректор КМЗ.

Все новые прицелы Красногорский завод хочет показать на оружейной выставке ORЁLEXPO 2021, которая будет проходить в Москве с 14 по 17 октября. Россия довольно сильно уступала западным странам в разработке снайперского оружия и принадлежностей к нему, однако в последние годы наметился прогресс. В октябре стало известно о завершении государственных испытаний новейшей снайперской винтовки СВЧ, которая должна сменить в Вооруженных силах советскую снайперскую винтовку Драгунова. Ее начали эксплуатировать в 1963 году, сейчас изделие уже не отвечает требованиям времени. В качестве основы для СВЧ использовали СВК-2016, которая, в свою очередь, базируется на снайперской винтовке Калашникова. Выбор конструкторами так называемой гардинной схемы позволил максимально облегчить нижнюю часть нового оружия.

Масса всего комплекса без боеприпасов составляет 4,6 килограмма, емкость магазина — десять патронов. Длина винтовки, в зависимости от комплектации, достигает 115 сантиметров. Небольшие габариты СВЧ и ее универсальность позволяют снайперу обойтись без дополнительного оружия.

Напомним, несколько лет назад Минобороны приняло на вооружение новые автоматы. Ими стали улучшенные варианты автомата Калашникова (Ак-12 и Ак-15), а также АЕК-971 и его развитие в виде АЕК-973.
 


","Зенит, прицел, снайперская винтовка, стрелковое оружие","прицел, винтовка, снайперская винттовка, дальность, снайперское оружие"
"Во всяком случае, это единственное имеющееся объяснение их загадочного поведения по отношению к крупным морским хищникам. Исследователи из Университета Майами (США) проанализировали большое количество видеозаписей акул и их взаимодействия (вне контекста охоты) с другими видами рыб. Оказалось, последние трутся о морских хищников. Конкретная цель такого поведения не вполне ясна: ученые предполагают, что все дело в «наждачных» свойствах акульей кожи, чешуйки которой по строению больше похожи на зубы позвоночных. Соответствующая статья опубликована в журнале Ecology.

Ихтиологи на протяжении десятков лет периодически проводили отдельные наблюдения за тем, как рыбы — причем не только обычные спутники акул, но и «посторонние» виды — трутся об акулью шкуру. Однако никто не задумывался, насколько часто это происходит, систематическое ли это занятие вообще либо просто случайные столкновения. Авторы новой работы изучили подводные фото, видео, а также записи с подводных дронов, на которых искали эпизоды, когда рыбы терлись своей чешуей о кожу акул.

Всего удалось зафиксировать 47 таких случаев в 13 точках Мирового океана. Занимались подобным 12 видов рыб, используя как «терку» восемь разных видов акул — включая большую белую. Неожиданным оказалось то, что шелковые акулы сами терлись таким образом о китовых акул поменьше. Продолжительность «трения» колебалась от восьми секунд до пяти с лишним минут. В эпизодах участвовало от одной до ста рыб за раз. Исследователи напоминают, что наблюдения за акулами вблизи все еще редки. Если даже, несмотря на это, записи трения об их шкуру встречаются так часто, значит, речь идет об обыденном явлении. Его смысл на сегодня не вполне ясен, но наиболее вероятная версия в том, что с помощью трения рыбы избавляются от наружных паразитов, часто досаждающих морским обитателям. Кроме того, акулы могут играть роль отшелушивателя для рыб, способствуя отделению старой чешуи и росту новой. Почему же рыбы используют для трения акул, а не сородичей? Скорее всего, дело в структуре акульей кожи. В отличие от подавляющего большинства остальных рыб, акулы и отчасти скаты покрыты так называемыми кожными зубчиками (dermal denticles), структурно более похожими на зубы позвоночных, чем на рыбью чешую. В их центре находится пульпа (волокнистая соединительная ткань, примерно как в зубе человека), пронизанная кровеносными сосудами. Вокруг пульпы идет конический слой дентина, сходного с дентином наших зубов. Внешний слой кожных зубчиков акулы состоит из витродентина — эмалеподобной субстанции в основном неорганического состава (у нас ту же функцию выполняет эмаль зуба).

На сегодня считается, что такая «зубастая» кожа нужна акулам для изменения гидродинамических свойств своего тела. Твердые выпуклые микроструктуры на коже при движении создают микровихри, снижающие и шум, и сопротивление движению. Чем бесшумнее плывет акула, тем выше ее шансы атаковать добычу незамеченной. Очень твердая, «наждачная кожа» имеет и другие функции: китовых акул, живущих фильтрацией планктона, она отлично защищает от атак хищников. Хотя китовая акула достигает 20 метров в длину, она не плавает быстрее пяти километров в час и не способна защищаться зубами от атакующих. Но из-за твердой и жесткой кожи, толщиной до десяти сантиметров, даже косатки редко атакуют взрослых китовых акул: прокусить их шкуру чрезвычайно тяжело, а кожные зубчики могут серьезно поранить ротовую полость нападающего. Некоторые виды, например шелковые акулы, имеют неожиданно мягкие кожные зубчики (за счет их очень малого, в сравнении с другими акулами, размера). Возможно, этим объясняются замеченные в работе случаи, когда шелковые акулы трутся о китовых: у тех кожные зубчики значительных размеров, поэтому абразивные свойства их шкуры выше.

Авторы работы считают несколько необычной чертой использования акул в качестве «терки» тот факт, что трутся о хищников и рыбы тех видов, на которые акулы охотятся. Это необычное поведение: если трение о скалы, частое для рыб, безопасно, то акулы для них — серьезная угроза. По всей видимости, рыбы как-то оценивают риски и трутся о хищника тогда, когда он не проявляет активного охотничьего поведения.
Вообще, в морской среде забота об удалении внешних паразитов играет большую роль. Известные рыбы-прилипалы, как и рыбы-лоцманы, питаются внешними паразитами акул, за счет чего те терпят их поблизости от себя и даже позволяют молоди рыб-лоцманов доедать остатки пищи, застрявшие у акулы между зубов после приема пищи.



 



","акулы, биология, ихтиология, Рыбы","акулы, рыбы, шкура, акулья кожа, трение"
"Чтобы изучить строение тканей и органов живых организмов ученые используют их тончайший срез. На макроуровне организм кажется окрашенным. Цвет животным тканям сообщают в основном такие пигменты, как меланины (в коже, волосах и перьях, радужке глаз), цитохромы (красно-коричневый цвет печени), гемоглобин (цвет крови) и миоглобин (окрашивает мышцы). Однако в тонком срезе тканей очень мало пигментов, он не окрашен, поэтому в нем почти невозможно различить клетки и ядра. На помощь приходят красители!

Гистология – раздел биологии и медицины, изучающий на микроскопическом уровне строение тканей и органов живых организмов с помощью светового микроскопа. Это важный диагностический инструмент, например, для врачей, так как с помощью микроскопического изучения пораженной ткани можно диагностировать рак и ряд других заболеваний.

Как мы уже выяснили, бесцветные препараты малоинформативны для гистологов, поэтому они используют красители. Обычный человек, смотря на красочный препарат, видит просто красивую картинку, однако для гистолога это целая книга. Прочесть ее он может благодаря тому, что каждая краска призвана выделять определенные клеточные структуры.

В арсенале гистологов широкий спектр красителей, однако наиболее популярные цвета в палитре – оттенки розового и фиолетового, получаемые с помощью красителей эозина и гематоксилина. Гематоксилин связывает кислотные группы нуклеиновых кислот в ядрах, окрашивая их в фиолетовый, а эозин окрашивает в розовый все белоксодержащие структуры в цитоплазме. Хоть окрашивание гематоксилином-эозином считается довольно простым и даже рутинным за счет доступности реагентов и быстрого процесса окрашивания, оно многое может сказать ученому о препарате. Например, позволяет определить границы ядра и цитоплазмы, активность клеточных ядер. Окрашивание на рисунке 3 довольно похоже на таковое на рисунке 2, правда же? Учтем, что разные срезы, окрашенные одними и теми же красителями, каждый раз выглядят немного по-разному, да и светокоррекция может быть другая. Но опытный гистолог с вами не согласится. Ядра клеток, действительно, окрашены гематоксилином, однако обратите внимание на пурпурные “капли” и окантовку на втором препарате. Так проводят ШИК-реакцию (по названию реактивов – шифф-йодная кислота) – гистохимический тест, позволяющий выявить в тканях углеводы (кроме олигосахаридов) и их производные. Исследуемая ткань перед воздействием на нее реактива Шиффа обрабатывается йодной кислотой. В случае положительной реакции происходит окрашивание в пурпурный цвет, что мы и видим на рисунке 3.

Как это помогает гистологу? При взгляде на снимок ученый сразу понимает, что пурпурные “капли” – бокаловидные клетки эпителия (слой клеток, выстилающий поверхность и полости тела), выделяющие слизь, которая богата полисахаридами (высокомолекулярными углеводами). Пурпурная окантовка — щеточная каемка, образованная микроворсинками.

Внешняя поверхность микроворсинок также покрыта углеводами и их производными. А в целом на срезе – ворсинки тонкой кишки. Вот так с помощью ярких красок гистологи “читают” ткани и могут определить, откуда брали срез, какое текущее состояние клеток на участке, какие процессы в них происходят.





","гистология, клетки, окрашивание, пурпур, эозин","гистология, красители, клетки, окрашивание, ткани"
"Анализ ДНК грызуна, типичного для Скандинавии, показал, что мышь из северных земель появилась на архипелаге на много веков раньше португальцев.

История колонизации Азорских островов довольно загадочна. Историки давно выдвинули предположение, что архипелаг просто не мог еще в древности не попасть в поле зрения мореплавателей, ходивших вдоль побережья Африки. Но прямых доказательств таких гипотез не было. В 1778 году шведский нумизмат Юхан Подолин рассказал о кладе, якобы обнаруженном на азорском острове Корву: по его словам, в 1749 году шторм размыл берег и люди нашли глиняный сосуд, полный неизвестных им монет. Большая часть денег осела в карманах местных жителей, но несколько попали в Лиссабон. Подолин утверждал, что в кладе находились карфагенские и киренские монеты. Но потом они пропали, и эта история стала казаться не вполне достоверной. Карфагеняне могли быть на архипелаге, тем не менее их следов там не нашли.

Некие безымянные острова, примерно на месте Азорских, отмечены на Каталонском атласе, составленном в 1375 году. Однако сегодня первооткрывателями архипелага считают португальских мореходов: они высадились на побережье Азор в 1427 году. В том же XV веке те же португальцы начали колонизацию островов. Но, похоже, у них были предшественники.

Международная группа исследователей под руководством Педро Рапосейро (Pedro M. Raposeiro) из Университета Азорских островов (Португалия) проанализировала донные отложения озер на островах. Работа с результатами исследования опубликована в Proceedings of the National Academy of Sciences. Ученые обнаружили в этих отложениях органические соединения, которые содержатся в фекалиях коров и овец. В то же время в образцах отмечено высокое содержание древесного угля, но низкое содержание пыльцы местных деревьев. По мнению специалистов, подобное сочетание говорит о том, что ранние поселенцы сжигали деревья, чтобы расчистить землю для выпаса скота. Но когда они это делали? Датировка стала сюрпризом: отложения отнесли к промежутку между 700 и 850 годами нашей эры, что на несколько столетий раньше даты прибытия португальцев на острова. «Наши реконструкции дают однозначные доказательства: Азорские острова были заселены до португальцев», — пишут авторы статьи.

Итак, кто же пас овец на Азорах в первом тысячелетии нашей эры? Несколько лет назад Джереми Сирл (Jeremy B. Searle) из Корнеллского университета (США) с соавторами опубликовал статью в Journal of Evolutionary Biology. В ней они изложили результаты изучения популяции мышей на островах — причем как современной, так и останков грызунов. Исследования показали, что домовая мышь (Mus musculus) имеет различные генетические признаки в зависимости от места обитания. «Анализируя митохондриальную ДНК, которая наследуется по женской линии, мы можем отличить мышей из разных частей Европы», — сказано в работе. На Британских островах одна отличительная линия домовых мышей встречается на Оркнейских островах, Гебридах, на острове Мэн, в шотландском Кейтнессе и некоторых частях Ирландии. Все эти места — зоны влияния викингов, поэтому ученые сразу посмотрели на Норвегию. Оказалось, норвежские мыши — из той же линии. Таким образом, Сирл и его коллеги посчитали, что точно определили мышь викингов, и с тех пор искали признаки ее присутствия в других странах. Место первой находки той же ДНК в останках древних мышей довольно очевидно: в Исландии и Гренландии, которые викинги заселили много веков назад. Но потом ученые исследовали Азорские острова и Мадейру — и в обоих местах обнаружили ископаемых мышей с той же генетической особенностью, что у мыши викингов. «Эти мыши, очевидно, были случайными путешественниками, которые были рассеяны викингами по Атлантике, в Исландию и Гренландию, а также на Азорские острова и Мадейру, как мы полагаем. Это показывает, насколько далеко распространились викинги», — рассказал Джереми Сирл.

Таким образом, ясно, кто именно расчищал огнем места для пастбищ и выпасал скот в 700-850 годах нашей эры на Азорах. В работе Рапосейро и его коллеги высказали предположение, что в тот период ветер и погодные условия в Северном полушарии помогали переселенцам из более высоких широт и препятствовали переселенцам из Южной Европы, поэтому викинги стали первыми колонистами архипелага. Идея о том, что викинги достигли Азорских островов и Мадейры раньше португальцев, интригует. Последние считаются пионерами эпохи Великих географических открытий, когда европейцы исследовали и колонизировали мир. И эти два места были одними из их самых первых поселений. Недавно Naked Science писал о том, что установлена точная дата присутствия викингов в Новом Свете — за несколько веков до Колумба. А теперь выяснилось, что и португальские мореплаватели просто следовали за викингами — и их мышами.

Новая работа, однако, ставит серьезный вопрос. Причины, по которым викинги покинули Новый Свет или Гренландию, более чем легко понять. Но Азорские острова не имели ни собственного воинственного населения, ни тем более холодного климата и дефицита древесины. Что могло заставить скандинавских колонистов оставить теплые острова с плодородной землей?





","археология, викинги, донные отложения, колонизация, мыши, фекалии","мыши, фекалии, архипелаг, острова, викинги"
"Марсианские метеориты известны давно, но, кроме общих сведений о геологических особенностях Красной планеты, узнать с их помощью мы все равно ничего не можем. Потому что непонятно, откуда конкретно их выбило более крупным небесным объектом несколько миллионов лет назад. Теперь ученые смогли решить эту проблему, и сразу же старые образцы буквально заиграли новыми красками.

Миссия Mars Sample Return, если все пойдет по плану, принесет на Землю пробирки с тщательно отобранным марсианским грунтом не раньше 2031 года. Но в распоряжении исследователей уже есть многие килограммы, если не центнеры, подходящих для изучения образцов пород с Марса. Это метеориты, представляющие собой камни, выброшенные в космос в результате столкновения массивного тела с Красной планетой и долетевшие до нас. Одна беда: без понимания хотя бы региона происхождения, не говоря уже о конкретном месте на поверхности Марса, такие объекты предоставляют не слишком много полезной информации.

Иными словами, их исследования позволяют обрисовать геологическую историю Красной планеты только самыми общими мазками. Тем не менее сотрудники Университета Кертин (Австралия) при участии специалистов из университетов Феликса-Уфуэ-Буаньи (Кот-д’Ивуар) и Тулузского федерального (Франция) нашли способ уточнить необходимые данные — определить, откуда именно астероиды выбили камни, ставшие марсианскими метеоритами. Научную работу с результатами своих изысканий они опубликовали в журнале Nature Communications.

Идея ученых-планетологов заключается в следующем. Чтобы какая-то часть выброшенного в результате падения метеорита материала приобрела вторую космическую скорость, столкновение должно быть не слабее определенного предела. Причем, если добавить в уравнение массу марсианских обломков, добравшихся до Земли в более-менее сохранном виде, вышеупомянутый предел должен быть еще немного повыше. В итоге круг искомых кратеров на Красной планете сузился до сравнительно небольшой группы — их диаметр равен или превышает три километра. К тому же далеко не весь выброшенный при ударе материал улетает в космос: большая его часть падает обратно на поверхность, формируя вторичные кратеры диаметром в два-пять процентов от первичного.

То есть импактное событие, которое породило марсианские метеориты, долетевшие до Земли, оставит на Красной планете вполне характерный след: сравнительно большой кратер с веером вторичных воронок вокруг. Они образуются при любых падениях небесных тел на планету или ее спутник, но в данном случае вторичные кратеры важны сразу для двух целей. Во-первых, определив их размеры и количество, можно уточнить мощность столкновения астероида с Марсом. А во-вторых, оценивая скорость эрозии большого количества появившихся практически одновременно кратеров, получится точнее установить их возраст. В итоге задача определения источника марсианских метеоритов сводится к четкой последовательности действий. Сначала устанавливаем возраст добравшегося до Земли камня и примерное время его выброса с поверхности Красной планеты, а также то, сколько он болтался в космосе. Это человечество уже научилось делать с высокой точностью. Далее — смотрим на Марс и ищем кратеры, подходящие под временные рамки исходного импактного события. Выглядит просто, но как только выясняются объемы необходимых для обработки данных, любому человеку становится дурно. Зато искусственный интеллект чувствует себя в таких задачах как рыба в воде. Именно его и задействовали австралийские специалисты.

Они выбрали конкретную группу марсианских метеоритов определенного класса — шерготтиты. Это камни, похожие на упавший в 1865 году около индийского города Шергатти и произошедший из вулканического района Красной планеты. Всего на Земле обнаружено 277 подтвержденных марсианских метеоритов, большинство из которых — как раз шерготтиты. Но ученые сфокусировали свое внимание на еще более узком классе объектов, которые были выбиты из поверхности Марса 1,1 миллиона лет назад (± 200 тысяч лет). На следующем этапе исследования началось самое интересное: поиск кратера подходящего возраста.

Проблема в том, что полные наборы снимков Марса в необходимом для поиска кратеров нужного размера разрешении (три километра найти несложно, а вот вторичную мелочь диаметром 75-300 метров уже трудновато) представляют собой колоссальные объемы информации. Речь о десятках терабайт, что в случае обработки человеческими усилиями представляется поистине титанической работой на несколько лет, а то и декад. Но в прошлом году был разработан нейросетевой алгоритм для поиска кратеров (The Crater Detection Algorithm, CDA), который ученые просто модернизировали и переобучили на более высокое разрешение. Эта задача была непростой и потребовала использования мощностей Суперкомпьютерного центра Pawsey — наиболее производительного в Южном полушарии. Зато в итоге искусственный интеллект научился определять кратеры почти любых размеров, отличать их от других кольцеобразных геологических формаций, а также учитывать степень эрозии. Получившуюся нейросеть «натравили» на снимки, сделанные камерами HiRISE и CTX за 15 лет работы аппарата Mars Reconnaissance Orbiter. Результатом ее анализа стали два кратера на поверхности Марса, наиболее подходящие на роль источников выбранной группы марсианских метеоритов.

Это кратеры Тутинг (Tooting) и 09-00015, расположенные в провинции Фарсида — крупнейшем вулканическом нагорье Марса. Активные извержения происходили там всего 300 миллионов лет назад, что по геологическим меркам буквально вчера. Выводами научной работы стали сразу несколько интересных мыслей. Перво-наперво гипотеза, согласно которой выбранные австралийскими специалистами шерготтиты произошли в результате образования кратера Мохаве, не подтвердилась. Найденные искусственным интеллектом объекты подходят гораздо лучше по целому ряду признаков, в том числе по возрасту.

Ну и, естественно, ученые не преминули попробовать проанализировать марсианские метеориты снова, уже в привязке к месту их происхождения. Выяснилось много любопытных фактов. Оказывается, в такой перспективе можно предположить наличие аномалии в мантии Марса под Фарсидой. Ее природа под большим вопросом, но иных причин, почему в этом регионе недавно была так высока вулканическая активность и как в местных породах сформировались столь специфические камни (ставшие шерготтитами), представить пока не получается. Что интересно, модернизированный CDA можно использовать не только для поиска мест происхождения марсианских метеоритов. В усовершенствованном виде этот нейросетевой алгоритм легко переобучается под самые разные атрибуты поверхности небесных тел. Фактически его можно адаптировать для анализа любых снимков с орбиты вокруг планеты или ее спутника. И заниматься быстрым поиском, например, следов стихийных бедствий — лесных пожаров, наводнений или землетрясений. Перспективы огромные, на что авторы исследования делают особый акцент.







","NASA, Австралия, искусс, исследование Марса, космогеология, кратеры, Марс, метеориты, нейросети, поверхность марса","Марс, метеориты, Земля, камни, кратеры"